{
  "camera_matrix": [
    [
      1153.8869320395706,
      0.0,
      833.2008412662351
    ],
    [
      0.0,
      1148.8102256764414,
      562.4965374995584
    ],
    [
      0.0,
      0.0,
      1.0
    ]
  ],
  "dist_coeffs": [
    [
      -0.31638452617294865,
      0.12519610033706793,
      -0.0026767011855688048,
      0.003474807992065431,
      -0.02502111790392078
    ]
  ],
  "rvecs": [
    [
      [
        -0.1368464004460905
      ],
      [
        -0.2812289108728969
      ],
      [
        0.22876427140403735
      ]
    ],
    [
      [
        0.013026530077141819
      ],
      [
        -0.3952244854890536
      ],
      [
        0.18090683276479427
      ]
    ],
    [
      [
        0.30737072733581344
      ],
      [
        -0.0960436132418284
      ],
      [
        0.10393048380320939
      ]
    ],
    [
      [
        0.38223094889974113
      ],
      [
        -0.23616327880472363
      ],
      [
        0.10903955103242502
      ]
    ],
    [
      [
        0.43746385235140145
      ],
      [
        -0.39144563072484767
      ],
      [
        -0.02696390206880727
      ]
    ],
    [
      [
        0.47515255518294125
      ],
      [
        -0.5286220325478468
      ],
      [
        0.06108567413088467
      ]
    ],
    [
      [
        0.40412331029707727
      ],
      [
        -0.6501660084146108
      ],
      [
        -0.026027848320362198
      ]
    ],
    [
      [
        0.10720852378022813
      ],
      [
        -0.6226227359001347
      ],
      [
        -0.036231964005269374
      ]
    ],
    [
      [
        -0.03211282560994677
      ],
      [
        -0.7344545543694888
      ],
      [
        -0.3688220174605835
      ]
    ],
    [
      [
        -0.10195072556900961
      ],
      [
        -0.8060818983687753
      ],
      [
        0.24826302708361417
      ]
    ],
    [
      [
        0.07678538342674462
      ],
      [
        -0.06746536082727916
      ],
      [
        -0.07165677518151937
      ]
    ],
    [
      [
        -0.6414199406711235
      ],
      [
        0.1817856224504781
      ],
      [
        -1.531725403127836
      ]
    ],
    [
      [
        -0.710678577174889
      ],
      [
        0.18385346985021064
      ],
      [
        -1.4839806096060013
      ]
    ],
    [
      [
        -0.6380611387168024
      ],
      [
        0.055743250946331174
      ],
      [
        -1.5692626849007054
      ]
    ],
    [
      [
        -0.5917036423153659
      ],
      [
        -0.5559402980855299
      ],
      [
        -2.429641841044083
      ]
    ],
    [
      [
        -0.9156504672459801
      ],
      [
        -0.2180430303273772
      ],
      [
        -2.8829024371227665
      ]
    ],
    [
      [
        -1.1927226923226792
      ],
      [
        -0.004187802098218337
      ],
      [
        -2.8144577641249526
      ]
    ],
    [
      [
        -1.2072023858404166
      ],
      [
        0.023396169120350356
      ],
      [
        -2.8077281053156695
      ]
    ],
    [
      [
        -1.3063690448796688
      ],
      [
        -0.05958484433345569
      ],
      [
        -2.728851703963748
      ]
    ],
    [
      [
        -1.2700258606296355
      ],
      [
        0.1694832030110342
      ],
      [
        -2.81005135466975
      ]
    ],
    [
      [
        -1.0706887963691263
      ],
      [
        0.15102625121484153
      ],
      [
        -2.864904036264026
      ]
    ],
    [
      [
        1.1049633188762977
      ],
      [
        -0.07051790309332137
      ],
      [
        2.2209576189533853
      ]
    ],
    [
      [
        0.6254932071655137
      ],
      [
        0.2120261204227395
      ],
      [
        1.5425475211162774
      ]
    ],
    [
      [
        0.48041428782033774
      ],
      [
        0.010203001504187651
      ],
      [
        1.5156561818353023
      ]
    ],
    [
      [
        0.26922363947257705
      ],
      [
        -0.25025165901845325
      ],
      [
        1.5481159313319888
      ]
    ],
    [
      [
        0.10648912413965643
      ],
      [
        -0.4537174750913902
      ],
      [
        1.5296183701467525
      ]
    ],
    [
      [
        -0.10975801766205738
      ],
      [
        -0.40183669306084596
      ],
      [
        1.5502308107802492
      ]
    ],
    [
      [
        -0.10001166764818577
      ],
      [
        0.670754509526871
      ],
      [
        0.16566735163447566
      ]
    ],
    [
      [
        -0.25154160370490497
      ],
      [
        0.6925897132011636
      ],
      [
        0.04893984083571357
      ]
    ],
    [
      [
        -0.400731313614088
      ],
      [
        0.1186472694033373
      ],
      [
        0.07185627332221194
      ]
    ],
    [
      [
        -0.26603575635356097
      ],
      [
        0.014776303677482826
      ],
      [
        0.03248676625832505
      ]
    ],
    [
      [
        -0.3763745951786351
      ],
      [
        0.050544650121353896
      ],
      [
        0.204911104315596
      ]
    ],
    [
      [
        0.26295701449301545
      ],
      [
        0.15922609337111454
      ],
      [
        -0.03800837266925624
      ]
    ],
    [
      [
        0.23829075872976374
      ],
      [
        0.16862527720617645
      ],
      [
        -0.768527366737286
      ]
    ],
    [
      [
        0.12967405940203344
      ],
      [
        -0.20449256932436138
      ],
      [
        -0.6384528140607838
      ]
    ],
    [
      [
        -0.6404982547559537
      ],
      [
        0.3866159925088596
      ],
      [
        -0.46942090690556
      ]
    ],
    [
      [
        -0.7469882955046124
      ],
      [
        0.2883132257132081
      ],
      [
        -0.26985414520642587
      ]
    ],
    [
      [
        -0.5107832342778476
      ],
      [
        -0.19179726529841046
      ],
      [
        0.5838209770046733
      ]
    ],
    [
      [
        -0.45307774656821415
      ],
      [
        -0.5125269645404011
      ],
      [
        0.7811201832884737
      ]
    ],
    [
      [
        -0.5796699537738856
      ],
      [
        -1.1193236970782523
      ],
      [
        0.7453804462019742
      ]
    ]
  ],